ra,dec
149.369050472,2.5293223478
